Org No,Name,Desc,Url,Technologies,Topics,My Score,Org Score,Score,Org link,Guidance link
1,libssh,The SSH library,https://summerofcode.withgoogle.com/programs/2023/organizations/libssh,c,security,10.416666666666668,50.0,30.208333333333336,https://www.libssh.org/,https://www.libssh.org/google-summer-of-code/
3,Creative Commons,Nonprofit building a global digital commons.,https://summerofcode.withgoogle.com/programs/2023/organizations/creative-commons,"css, javascript, python, php",web,41.66666666666667,50.0,45.833333333333336,https://opensource.creativecommons.org/,https://opensource.creativecommons.org/programs/applicant-guide/
6,Gentoo Foundation,"A flexible, source-based Linux distribution.",https://summerofcode.withgoogle.com/programs/2023/organizations/gentoo-foundation,"python, c, linux",security,31.25,40.0,35.625,https://www.gentoo.org/,https://wiki.gentoo.org/wiki/Google_Summer_of_Code/2023/Application_Guidelines
8,Cockpit Project,Cockpit is an interactive server admin interface,https://summerofcode.withgoogle.com/programs/2023/organizations/cockpit-project,"javascript, python",web,20.833333333333336,50.0,35.41666666666667,https://cockpit-project.org/,https://github.com/cockpit-project/cockpit/wiki/GSoC-2023-topics
10,Mayor's Office of New Urban Mechanics,Exploring new approaches to civic life.,https://summerofcode.withgoogle.com/programs/2023/organizations/mayors-office-of-new-urban-mechanics,"javascript, python",web,20.833333333333336,35.0,27.916666666666668,https://www.boston.gov/mechanics,https://monum.github.io/gsoc-2023/guidance
21,Mathesar,Webapp providing a UX-first interface to databases,https://summerofcode.withgoogle.com/programs/2023/organizations/mathesar,"javascript, python",web,20.833333333333336,30.0,25.416666666666668,https://mathesar.org/,https://wiki.mathesar.org/en/community/mentoring
23,Ruby,Ruby is an object-oriented programming language,https://summerofcode.withgoogle.com/programs/2023/organizations/ruby,c,"security, web",10.416666666666668,30.0,20.208333333333336,https://www.ruby-lang.org/,https://github.com/rubygsoc/rubygsoc/wiki/Getting-Involved
35,OWASP Foundation,No more insecure software.,https://summerofcode.withgoogle.com/programs/2023/organizations/owasp-foundation,"javascript, python",web,20.833333333333336,30.0,25.416666666666668,https://owasp.org
44,LibreHealth,Healthcare for Humanity,https://summerofcode.withgoogle.com/programs/2023/organizations/librehealth,"javascript, python",web,20.833333333333336,30.0,25.416666666666668,https://librehealth.io,https://forums.librehealth.io/t/readme-making-a-successful-gsoc-proposal/4359
46,Drupal Association,The best open source digital experience platform,https://summerofcode.withgoogle.com/programs/2023/organizations/drupal-association,"html, javascript, php",web,31.25,40.0,35.625,https://drupal.org,https://www.drupal.org/community/contributor-guide/reference-information/google-summer-of-code/for-gsoc-students-where-to
49,GnuTLS,C library implementing TLS and DTLS,https://summerofcode.withgoogle.com/programs/2023/organizations/gnutls,c,security,10.416666666666668,29.166666666666668,19.791666666666668,https://gitlab.com/gnutls/gnutls,https://gitlab.com/gnutls/gnutls/-/blob/master/CONTRIBUTING.md
53,Chromium,"Fast, seamless, safe, and reliable web for all",https://summerofcode.withgoogle.com/programs/2023/organizations/chromium-lj,"javascript, python, c++",web,31.25,46.66666666666667,38.958333333333336,https://chromium.org,https://docs.google.com/document/d/1IOj4hSdPl8h1-8zYK_Gt3OxA0R44SLbmr-ZH3f9yDXM/edit?usp=sharing
59,Processing Foundation,To empower all people to learn to program,https://summerofcode.withgoogle.com/programs/2023/organizations/processing-foundation,"javascript, python","education, web",20.833333333333336,40.0,30.416666666666668,http://processingfoundation.org,https://github.com/processing/processing/wiki/Project-List
66,GCP Scanner,Security scanning tool for Google Cloud,https://summerofcode.withgoogle.com/programs/2023/organizations/gcp-scanner,python,security,10.416666666666668,37.5,23.958333333333336,https://github.com/google/gcp_scanner/wiki/Google-Summer-of-Code-2023,https://github.com/google/gcp_scanner/wiki/Google-Summer-of-Code-2023#application-guideline
67,Inkscape,Draw freely!,https://summerofcode.withgoogle.com/programs/2023/organizations/inkscape,"python, c++",web,20.833333333333336,50.0,35.41666666666667,https://inkscape.org,https://wiki.inkscape.org/wiki/Google_Summer_of_Code
68,PostgreSQL,The Most Advanced Open Source Relational Database,https://summerofcode.withgoogle.com/programs/2023/organizations/postgresql,"javascript, python, sql, c","web, database",41.66666666666667,60.0,50.833333333333336,https://postgresql.org,https://wiki.postgresql.org/wiki/GSoC
75,Sugar Labs,Learning software for children,https://summerofcode.withgoogle.com/programs/2023/organizations/sugar-labs,python,education,10.416666666666668,29.166666666666668,19.791666666666668,https://sugarlabs.org,https://github.com/sugarlabs/GSoC
84,CircuitVerse.org,Build and learn logic circuits in the cloud!,https://summerofcode.withgoogle.com/programs/2023/organizations/circuitverseorg,javascript,"education, web",10.416666666666668,36.66666666666667,23.54166666666667,http://circuitverse.org/,https://docs.google.com/document/d/1oeYPAuqWxeC79d-R5I9uFJywQJv4ooO4obF4pwifyTY/edit
86,Oppia Foundation,"Free platform for interactive, tutor-like lessons",https://summerofcode.withgoogle.com/programs/2023/organizations/oppia-foundation,python,"education, web",10.416666666666668,32.5,21.458333333333336,https://www.oppia.org,https://github.com/oppia/oppia/wiki/Google-Summer-of-Code-2023#getting-started
92,KDE Community,International team developing Open Source software,https://summerofcode.withgoogle.com/programs/2023/organizations/kde-community,c++,education,10.416666666666668,25.0,17.708333333333336,https://kde.org/,https://community.kde.org/GSoC
98,Open Technologies Alliance - GFOSS,Promote Open Standards and Open Source,https://summerofcode.withgoogle.com/programs/2023/organizations/open-technologies-alliance-gfoss,javascript,web,10.416666666666668,20.0,15.208333333333334,http://www.gfoss.eu,https://ellak.gr/wiki/index.php?title=Google_Summer_of_Code_2023_proposed_ideas
99,omegaUp,Open CS Education as a catalyst for social change,https://summerofcode.withgoogle.com/programs/2023/organizations/omegaup,"python, php","education, web",20.833333333333336,40.0,30.416666666666668,https://omegaup.org,https://github.com/omegaup/omegaup/wiki/Google-Summer-of-Code-2022
109,Plone Foundation,"Python-based CMS, with React front-end.",https://summerofcode.withgoogle.com/programs/2023/organizations/plone-foundation,"javascript, python",web,20.833333333333336,58.333333333333336,39.583333333333336,https://plone.org
119,MIT App Inventor,Anyone can build apps with global impact.,https://summerofcode.withgoogle.com/programs/2023/organizations/mit-app-inventor,javascript,education,10.416666666666668,25.0,17.708333333333336,http://appinventor.mit.edu,https://github.com/mit-cml/appinventor-sources/wiki/Google-Summer-of-Code-2023
123,Django Software Foundation,Web framework for perfectionists with deadlines,https://summerofcode.withgoogle.com/programs/2023/organizations/django-software-foundation-8o,python,web,10.416666666666668,50.0,30.208333333333336,https://www.djangoproject.com,https://code.djangoproject.com/wiki/SummerOfCode2023
125,Wagtail,The powerful Python CMS for modern websites,https://summerofcode.withgoogle.com/programs/2023/organizations/wagtail,"javascript, python",web,20.833333333333336,50.0,35.41666666666667,https://wagtail.org/,https://wagtail.org/gsoc
130,Society for Arts and Technology (SAT),Create teleimmersive multisensorial experiences.,https://summerofcode.withgoogle.com/programs/2023/organizations/society-for-arts-and-technology-sat,"javascript, python, c++",web,31.25,40.0,35.625,https://sat.qc.ca,https://sat-mtl.gitlab.io/collaborations/google-summer-of-code/posts/2023-share/
132,SCoRe Lab,SCoRe Lab develops FOSS softwares for everyone!!!,https://summerofcode.withgoogle.com/programs/2023/organizations/score-lab,python,"security, web",10.416666666666668,35.0,22.708333333333336,https://scorelab.org/,https://docs.google.com/document/d/e/2PACX-1vQNktFwuGciuaVLiHHVJwdfIu9ll8RIR0BcE4PNytKHLiZb14sqNe6CE1xWskCVf7hlnAMz3qLgPPFV/pub
133,The Tor Project,Defend yourself against tracking and surveillance.,https://summerofcode.withgoogle.com/programs/2023/organizations/the-tor-project,"python, c",security,20.833333333333336,35.0,27.916666666666668,https://www.torproject.org/,https://gitlab.torproject.org/tpo/team/-/wikis/How-To-Apply-to-Google-Summer-of-Code
134,Global Alliance for Genomics and Health,We develop genomics tools to benefit human health,https://summerofcode.withgoogle.com/programs/2023/organizations/global-alliance-for-genomics-and-health,python,web,10.416666666666668,20.0,15.208333333333334,https://ga4gh.org,https://docs.google.com/document/d/1_lOqTxbC-Vl2KS2uwyJk9FEkZMQCbOaoZ1c2bgOTfAw/edit?usp=sharing
135,International Catrobat Association,Free visual coding apps for computational thinking,https://summerofcode.withgoogle.com/programs/2023/organizations/international-catrobat-association,"javascript, php",education,20.833333333333336,30.0,25.416666666666668,https://www.catrobat.org,https://catrob.at/gsoc23
142,Learning Equality,Equity in education to transform lives,https://summerofcode.withgoogle.com/programs/2023/organizations/learning-equality,"javascript, python",education,20.833333333333336,37.5,29.166666666666668,https://learningequality.org/,https://docs.google.com/document/d/1-qmZ2CBl_WSw2s6oxH417y03Gudx8bFMSKG7IreB6JY/edit?usp=sharing
145,Purr Data,Realtime Audio/Visual Programming Environment,https://summerofcode.withgoogle.com/programs/2023/organizations/purr-data,"javascript, c",web,20.833333333333336,37.5,29.166666666666668,https://www.purrdata.net/,https://git.purrdata.net/jwilkes/summer-of-code-ideas-list/-/blob/master/student_app.md
151,SageMath,Open-source mathematics software system,https://summerofcode.withgoogle.com/programs/2023/organizations/sagemath,python,education,10.416666666666668,41.66666666666667,26.04166666666667,https://www.sagemath.org,https://wiki.sagemath.org/GSoC/Students
157,Metasploit,World’s most used penetration testing framework,https://summerofcode.withgoogle.com/programs/2023/organizations/metasploit,"python, c",security,20.833333333333336,32.5,26.666666666666668,https://metasploit.com,https://github.com/rapid7/metasploit-framework/wiki/How-to-Apply-to-GSoC
158,JdeRobot,Toolkit for developing Robotics applications,https://summerofcode.withgoogle.com/programs/2023/organizations/jderobot,python,education,10.416666666666668,20.0,15.208333333333334,http://jderobot.github.io,https://jderobot.github.io/activities/gsoc/2023#application-instructions-for-gsoc-2023
163,Submitty,Homework Autograding and Course Management Tools,https://summerofcode.withgoogle.com/programs/2023/organizations/submitty,"javascript, python, php, c++","education, web",41.66666666666667,60.0,50.833333333333336,https://submitty.org,https://submitty.org/developer/google_summer_of_code
167,Python Software Foundation,A programming language used for science & more,https://summerofcode.withgoogle.com/programs/2023/organizations/python-software-foundation,"javascript, python, c++",security,31.25,47.5,39.375,https://python-gsoc.org/,https://python-gsoc.org/index.html#gettingstarted
